shard_name,split,path,file_size_bytes,header_bytes,token_dtype,token_count,min_token,max_token,mean_token,std_token,unique_token_count,unique_token_ratio,sample_window_size,sample_count,preview_1,preview_2,top_token_1_id,top_token_1_freq,top_token_2_id,top_token_2_freq,top_token_3_id,top_token_3_freq,mean_decoded_chars,mean_decoded_words,mean_unique_words,mean_unique_word_ratio,mean_ascii_ratio,mean_whitespace_ratio,mean_digit_ratio,mean_punctuation_ratio,mean_non_printable_ratio,mean_url_hits,mean_html_hits,mean_repeated_char_hits,mean_line_count,mean_avg_line_length,score_diversity,score_noise,score_clean_prose,score_priority,rank_score_diversity_desc,rank_score_noise_desc,rank_score_clean_prose_desc,rank_score_priority_desc,rank_mean_unique_word_ratio_desc,rank_mean_unique_words_desc,rank_mean_ascii_ratio_desc,rank_unique_token_count_desc,rank_std_token_desc,rank_mean_url_hits_asc,rank_mean_html_hits_asc,rank_mean_repeated_char_hits_asc,rank_mean_non_printable_ratio_asc,rank_mean_digit_ratio_asc
fineweb_train_000004.bin,train,/Users/kurtisstuckert/parameter-golf/data/datasets/fineweb10B_sp1024/fineweb_train_000004.bin,200001024,1024,uint16,100000000,1,1023,560.45017425,277.17509765160116,885,8.85e-06,256,32,"shows the shooting. “This is murder,” lawyer Lee Merritt said. “Mr. Arbery had not committed any crime and there was no reason for these men to believe they had the right to stop him with weapons or to use deadly force in furtherance of the","ical issues, at least given current drone technology. The most basic may be fuel: the kind of small, relatively inexpensive drone we're talking about can't hold much, so it can't lift a lot of weight or go all that far (it wouldn't be cost-",960,0.02150877,962,0.02103052,267,0.01879419,644.375,113.4375,82.40625,0.7290551801356616,0.9969900376607945,0.1709000790049091,0.004629680475741623,0.026984966883885013,0.0,0.0,0.0,0.0,1.0,644.375,1.1403967344088701,-0.5104911984699539,1.011347308875268,1.248091469829873,4.0,80.0,1.0,1.0,22.0,1.0,46.0,67.0,1.0,1.0,1.0,1.0,1.0,1.0
fineweb_train_000034.bin,train,/Users/kurtisstuckert/parameter-golf/data/datasets/fineweb10B_sp1024/fineweb_train_000034.bin,200001024,1024,uint16,100000000,1,1023,559.7870317,276.7506065259897,887,8.87e-06,256,32,"ider approving their variance application.” Commissioner Ron Maez asked if all of the required conditions were already being met, Dickhoff confirmed they were, and Commissioner Bobby Hart asked for a description of the sewer connection agre",eves to help Habitat build the townhomes during a volunteer day on March 26th. Media are invited to attend. Photo and interview opportunities will be available. WHAT: Denver Housing Authority staff helping build Habitat homes in the collabo,960,0.02128346,962,0.02087498,267,0.01866294,637.0625,112.9375,81.96875,0.7298492858767449,0.9959157010280528,0.17111023788379462,0.005684017884906622,0.02996850013634223,0.0,0.0,0.0,0.0,1.0,637.0625,1.2264159375771466,-0.4830828423191608,0.8711550288804197,1.2001014326056532,1.0,79.0,2.0,2.0,20.0,2.0,67.0,8.0,14.0,1.0,1.0,1.0,1.0,2.0
fineweb_train_000071.bin,train,/Users/kurtisstuckert/parameter-golf/data/datasets/fineweb10B_sp1024/fineweb_train_000071.bin,200001024,1024,uint16,100000000,1,1023,558.79133457,276.301672606715,887,8.87e-06,256,32,"are have been spared the treatment meted out to the likes of Pietersen and Rathbone. Not a peep has been heard about several cricketers' decisions to impersonate Europeans on the county circuit, and Tiaan Strauss and Pieter de Villiers enjo","luding wickedly satirical attacks on his own Midwestern nuclear family in the 1970s. Even if the show has none of the intellectual rigor of Spaulding Gray's monologues, Parris creates a guileless figure who acts as a filter and canvas for t",960,0.02125747,962,0.02068842,267,0.01865378,644.6875,109.125,79.625,0.7348851822354118,0.997120690761748,0.1630481524394536,0.006941628841518884,0.0278079782852267,0.0,0.0,0.0,0.0,1.0,644.6875,0.8927780744849171,-0.45039022542219714,0.7861362377135552,0.9917616431584371,6.0,73.0,3.0,3.0,9.0,7.0,39.0,8.0,47.0,1.0,1.0,1.0,1.0,10.0
fineweb_train_000001.bin,train,/Users/kurtisstuckert/parameter-golf/data/datasets/fineweb10B_sp1024/fineweb_train_000001.bin,200001024,1024,uint16,100000000,1,1023,560.1195874,276.8380795753246,888,8.88e-06,256,32,"WE AND INSANELY JEALOUS. – I seriously can’t believe the wookiees and the trandoshans are still going at it tho. – I may be mistaken, but I love that they finally got Lego jawas to say something besides just “uttini”. THROWN INTO BATTLE: Ho",exactly counts as “gaming”? That’s what will determine how useful this is. Does it really detect all games and how does it do that? Only exclusive fullscreen? How about borderless or windowed?” One of the answers that he got was “Probably t,960,0.02136145,962,0.02092982,267,0.01874406,618.75,109.625,79.9375,0.7316818950070357,0.9942938118262926,0.1708932960403863,0.008177172529288533,0.03656627170353765,0.0,0.0,0.0,0.0,1.0,618.75,1.2222538598177346,-0.4182712650781131,0.507802672683988,0.9757006496715136,2.0,69.0,10.0,4.0,14.0,5.0,76.0,1.0,8.0,1.0,1.0,1.0,1.0,18.0
fineweb_train_000047.bin,train,/Users/kurtisstuckert/parameter-golf/data/datasets/fineweb10B_sp1024/fineweb_train_000047.bin,200001024,1024,uint16,100000000,1,1023,558.96995344,276.2075182206383,887,8.87e-06,256,32,ed repo from where to base the contribution. This is usually master. - Make commits of logical units. - Make sure commit messages are in the proper format (see below). - Push changes in a topic branch to a personal fork of the repository. -,"ter to avoid artificial patterns to appear in images. - Better image quality: Is equipped with a larger and more technologically advanced sensor. - Richer colors: The sensor size advantage translates into images with better, more accurate c",960,0.02131179,962,0.02077772,267,0.01855462,631.6875,106.4375,78.03125,0.7419346981910498,0.9978758774785373,0.16314586948749885,0.00918059458045663,0.032065575684563925,0.0,0.0,0.0,0.0,1.0,631.6875,0.8839157771244615,-0.39218649495717484,0.7552611027306861,0.9504209794428963,7.0,65.0,6.0,5.0,5.0,26.0,14.0,8.0,54.0,1.0,1.0,1.0,1.0,27.0
fineweb_train_000074.bin,train,/Users/kurtisstuckert/parameter-golf/data/datasets/fineweb10B_sp1024/fineweb_train_000074.bin,200001024,1024,uint16,100000000,1,1023,559.53525042,276.6859312588334,887,8.87e-06,256,32,"Xbox, Yukon XL, UberX). Names like Gas-X and Clean-X play with X as ex, or “former,” with X perhaps additionally calling up advanced technology, thanks to the letter’s “unknown” (read futuristic) resonances. The unknown is also uncertain, w","itedStylus Photo R340 Cartridge prices starting at $8.95 Edit and print your photos without a PC—the Epson Stylus Photo R340 makes this possible for you, thanks to its premium photo viewer and direct photo printing feature. Whether you've s",960,0.02127427,962,0.02092266,267,0.01876906,637.09375,113.65625,81.25,0.7186345365331552,0.9983934674065013,0.17158337235470017,0.00576040673434143,0.02907200918927429,0.0,0.0,0.0,0.0,1.0,637.09375,0.7272857065983028,-0.48109705221718896,0.7769825258514667,0.9230029254635591,10.0,78.0,4.0,6.0,41.0,3.0,2.0,8.0,19.0,1.0,1.0,1.0,1.0,3.0
fineweb_train_000026.bin,train,/Users/kurtisstuckert/parameter-golf/data/datasets/fineweb10B_sp1024/fineweb_train_000026.bin,200001024,1024,uint16,100000000,1,1023,559.6425995,276.57838976731824,886,8.86e-06,256,32,"athus Game Description:- ★★Compsognathus was bornd★★ Play as real Compsognathus and survive in the wildness as long as you can. Journey to a hidden, untouched Jurassic island and kill the most ferocious animals in history. Encounter Jurassi","ontact Paul Breau @ firstname.lastname@example.org for details.Support Theatre In The Grove Your support helps TITG bring vibrant live theatre to the audiences of Western Washington County. Recently, the TITG Board replaced the roof on our ",960,0.02144627,962,0.02092178,267,0.01870755,615.65625,105.34375,77.15625,0.7401506043619365,0.9981364290156066,0.16493771770457896,0.013059223967847684,0.032381105906883347,0.0,0.0,0.0,0.0,1.0,615.65625,0.7264110466227478,-0.29135837797824843,0.5516884869115721,0.7322890710739881,11.0,51.0,8.0,7.0,6.0,42.0,6.0,31.0,28.0,1.0,1.0,1.0,1.0,63.0
fineweb_train_000041.bin,train,/Users/kurtisstuckert/parameter-golf/data/datasets/fineweb10B_sp1024/fineweb_train_000041.bin,200001024,1024,uint16,100000000,1,1023,559.37954997,276.43882171115234,886,8.86e-06,256,32,"Him with sincere hearts, in both good times and bad—and to remember His faithfulness. When crises are over and time has elapsed, it's important to remember how God met our needs. Most of the stories told at the memorial event were about peo","nice to ask your hairdresser’s guidance to find out which length is ideal. Rate this content! Average rating: 5 Total Votes: 1 Haircut with Fringe 2020: Trend, PHOTOS Thanks for visiting we hope our article HAIRCUT WITH FRANGES 2020 → Trend",960,0.02123869,962,0.02096164,267,0.0188515,629.9375,108.875,79.21875,0.7339866945716366,0.9965476583295476,0.16555212734891794,0.007979392632823436,0.030797276225266183,0.0,0.03125,0.0,0.0,1.0,629.9375,0.7189055349396439,-0.1543943114420193,0.5669028458892151,0.6893420649666149,12.0,40.0,7.0,8.0,11.0,13.0,55.0,31.0,40.0,50.0,1.0,1.0,1.0,16.0
fineweb_train_000030.bin,train,/Users/kurtisstuckert/parameter-golf/data/datasets/fineweb10B_sp1024/fineweb_train_000030.bin,200001024,1024,uint16,100000000,1,1023,559.66364492,277.11181901394997,887,8.87e-06,256,32,"6-82. Koppad, S. et al. (2011) Calcium phosphate coupled Newcastle disease vaccine elicits humoral and cell mediated immune responses in chickens. Res Vet Sci. 91 (3): 384-90. Rezar, V. et al. (2007) Dose-dependent effects of T-2 toxin on p","for come-uppance and painful destruction. Unlike the scenes of masses perishing (the critically savaged ""Armageddon"" opens with asteroid fragments showering down on New York, and rather gratuitously lays waste to Paris in the late-going), t",960,0.02124569,962,0.02102105,267,0.01880381,619.875,104.21875,76.75,0.7435353763476698,0.9943786835396199,0.16228189859585299,0.009626462476637397,0.034440147625487916,0.0,0.0,0.0,0.125,1.0,619.875,1.1846887601728076,0.47167758822540334,0.3727172834532087,0.5730172920981371,3.0,13.0,16.0,9.0,3.0,49.0,75.0,8.0,3.0,1.0,1.0,79.0,1.0,35.0
fineweb_train_000032.bin,train,/Users/kurtisstuckert/parameter-golf/data/datasets/fineweb10B_sp1024/fineweb_train_000032.bin,200001024,1024,uint16,100000000,1,1023,559.41025464,276.56821923046465,886,8.86e-06,256,32,"the constitutions and bylaws of RI.Langley, a quaint Vancouver suburb, is home to this 100% smoke free Holiday Inn Express with free high-speed Internet access in every room. Located minutes off Trans Canada Hwy 1 & Golden Ears Bridge the H","lyo workout again, and by the end of it, I felt like all my energy was gone. I was going through the motions of the workout. My head felt foggy, I forced myself to keep moving and finish the workout, but kind of felt dazed by the time I was",960,0.02128707,962,0.02070814,267,0.01864873,608.375,106.71875,77.8125,0.7346292538495202,0.9964817100119618,0.1676732845239483,0.011309456300691592,0.03444287120310167,0.0,0.0,0.0,0.03125,1.0,608.375,0.6195985721424698,-0.12377666137478792,0.43318025434613117,0.5603903288356593,15.0,36.0,14.0,10.0,10.0,29.0,58.0,31.0,30.0,1.0,1.0,64.0,1.0,48.0
fineweb_train_000008.bin,train,/Users/kurtisstuckert/parameter-golf/data/datasets/fineweb10B_sp1024/fineweb_train_000008.bin,200001024,1024,uint16,100000000,1,1023,559.91861634,276.709870156487,886,8.86e-06,256,32,"ed for this purpose. Passions run high during election season, as every voter has an opinion on the candidates for each elective office. Election Day by its very nature establishes winners and losers. It’s important that we all be gracious ","President Rajapaksa, under whose presidency many of the atrocities were committed, on both sides. Regarding what the Sri Lankan Government have achieved, they are quick to point out that they have reintroduced a two-term limit to the presid",960,0.02134481,962,0.02068323,267,0.01849502,645.65625,113.1875,80.28125,0.71168328208465,0.9973700621763272,0.1705647183051406,0.005882244591375271,0.030966476209699136,0.0,0.0,0.0,0.0,1.0,645.65625,0.22616377707489588,-0.47792977829784883,0.4656484604150659,0.5251557753162366,31.0,77.0,12.0,11.0,61.0,4.0,32.0,31.0,16.0,1.0,1.0,1.0,1.0,4.0
fineweb_train_000065.bin,train,/Users/kurtisstuckert/parameter-golf/data/datasets/fineweb10B_sp1024/fineweb_train_000065.bin,200001024,1024,uint16,100000000,1,1023,558.40758149,276.1950444311031,888,8.88e-06,256,32,"is only Our precise, custom-designed solutions are pre-manufactured, saving significant on-site labour, and allowing efficiencies across all trades with less workflow disruption. Impervious to water and high humidity levels, MGO’s Wall Syst","ay if any of these SEVERE side effects occur: Severe allergic reactions, such as rash; hives; itching; difficulty breathing; tightness in the chest; swelling of the mouth, face, eyes, lips, or tongue; bulging eyes; coughing up blood; double",960,0.02119135,962,0.02083417,267,0.01871051,636.3125,106.75,76.6875,0.7251419721550199,0.9979519873632925,0.16230809228865464,0.006021947044751434,0.029290444524204772,0.0,0.0,0.0,0.0,1.0,636.3125,0.2945957005273818,-0.4742980997061673,0.3914907962044349,0.5138923380469196,27.0,76.0,15.0,12.0,27.0,51.0,11.0,1.0,56.0,1.0,1.0,1.0,1.0,5.0
fineweb_train_000068.bin,train,/Users/kurtisstuckert/parameter-golf/data/datasets/fineweb10B_sp1024/fineweb_train_000068.bin,200001024,1024,uint16,100000000,1,1023,559.60877005,276.59894471699675,888,8.88e-06,256,32,"attractively painted glass pieces make for a great interior decor. |} Jazzy wall art, such as painting a exceptional picture on the wall with a single color at all, instills life on your otherwise dull looking room.My first was born in 1994",properly during the dismantling phase. Another reason a professional would like to dismantle it themselves is to make sure that it doesn’t get damaged in the process. Selling your second-hand stairlift is easy if you have got a straight sta,960,0.02132827,962,0.02077893,267,0.01862051,629.375,110.25,78.6875,0.7203341162851574,0.9961395772944995,0.1689148357744129,0.010894904983416092,0.032434146574080086,0.0,0.0,0.0,0.0,1.0,629.375,0.5715432915012953,-0.34762160551202614,0.23938270294744876,0.5105225297258889,16.0,57.0,24.0,13.0,38.0,17.0,65.0,1.0,25.0,1.0,1.0,1.0,1.0,44.0
fineweb_train_000077.bin,train,/Users/kurtisstuckert/parameter-golf/data/datasets/fineweb10B_sp1024/fineweb_train_000077.bin,200001024,1024,uint16,100000000,1,1023,558.9829446,276.2745282116564,887,8.87e-06,256,32,"EPA. Environmental groups claimed in the petition that “Decades after [...] On Feb. 27, 2017, the 9th Circuit United States Court of Appeals issued a common sense opinion regarding housing and safety conditions where hens lay [...] “On or a","- Increasing Borrower Eligibility. The borrower’s monthly first principal, interest, taxes and insurance (PITI) payment must be greater than 25 percent of the borrower’s gross monthly household income, excluding unemployment insurance (UI) ",960,0.02126647,962,0.02083229,267,0.01882752,625.53125,108.375,79.15625,0.7336898169577216,0.9972941781608179,0.1687060160187225,0.008836862994426658,0.030412452991843527,0.0,0.0625,0.0,0.03125,1.0,625.53125,0.7802696778973903,0.34998307498422204,0.5006122514006123,0.5039640170796846,9.0,18.0,11.0,14.0,12.0,14.0,34.0,8.0,49.0,63.0,1.0,64.0,1.0,23.0
fineweb_train_000036.bin,train,/Users/kurtisstuckert/parameter-golf/data/datasets/fineweb10B_sp1024/fineweb_train_000036.bin,200001024,1024,uint16,100000000,1,1023,559.14145617,276.36318265474864,886,8.86e-06,256,32,"allowing other users to decide if it’s worth it or not. I have a few apps that I’ve bought from Macupdate like Contactizer, 1Password , Camerabag and others. Go ahead and check it out , it might save you a few bucks!ImmuCell Corporation ann",Climbed on small amounts of snow and heather and rock which never makes for a happy climb on exposed faces. Got to the false summit and broke trail/snowshoed up to summit block for a great lunch. Still not a good enough base of snow for ski,960,0.02125028,962,0.02099679,267,0.01886649,621.0625,108.15625,79.5,0.7420076027172778,0.9981611749675244,0.1671505560388822,0.016884504860505425,0.031795286788096164,0.0,0.0625,0.03125,0.0,1.0,621.0625,0.9907950505527233,0.6313694651389272,0.45410502320361473,0.47463622271208916,5.0,8.0,13.0,15.0,4.0,9.0,5.0,31.0,44.0,63.0,74.0,1.0,1.0,73.0
fineweb_train_000010.bin,train,/Users/kurtisstuckert/parameter-golf/data/datasets/fineweb10B_sp1024/fineweb_train_000010.bin,200001024,1024,uint16,100000000,1,1023,560.0001784,276.7941112384586,887,8.87e-06,256,32,"’ Director William Friedkin On Avoiding Formula, And The Studios, In His New Movie ‘Killer Joe’ In theaters today from LD Entertainment is Killer Joe, an insanely fun and disturbing movie directed by the man behind The... [Video Interview] ",Have they locked themselves into proprietary tools such as Verscend? Can they plug and play solutions as they are uncovered? - How can TPAs differentiate themselves in the market? - MMA – By having value added resources such as case managem,960,0.02136633,962,0.02112847,267,0.01894788,622.03125,112.46875,79.75,0.7121903326405189,0.9950913204362238,0.17438755377380172,0.007331701137124473,0.03103901580557299,0.0,0.0,0.0,0.0,1.0,622.03125,0.36755474921222975,-0.4402499797004954,0.2072638746832797,0.43348226111648064,22.0,71.0,29.0,16.0,60.0,6.0,72.0,8.0,12.0,1.0,1.0,1.0,1.0,12.0
fineweb_train_000023.bin,train,/Users/kurtisstuckert/parameter-golf/data/datasets/fineweb10B_sp1024/fineweb_train_000023.bin,200001024,1024,uint16,100000000,1,1023,558.21906915,276.00702502711323,886,8.86e-06,256,32,"touch it - and that's why we've recorded Mischa running alongside a roadway dipping his hands in the puddles :DAs music columnist for hellomagazine.ca, each week I’ll bring you my selections for the best and most notable new music, albums y","or concern. Help prevent hacks by keeping your site updated, using secure usernames and passwords, and blocking spam. 8: Negative SEO Each Google update makes negative SEO a little less effective, but it’s still a thing you should know abou",960,0.02129859,962,0.02071971,267,0.0186559,625.09375,108.59375,79.5625,0.7364699660574529,0.99751555402222,0.16742379939616361,0.00958665651619406,0.030680960341166665,0.0,0.0,0.0,0.1875,1.0,625.09375,0.6504728502600875,0.8967794927794206,0.7711335900301064,0.4029634346608008,13.0,6.0,5.0,17.0,7.0,8.0,26.0,31.0,73.0,1.0,1.0,80.0,1.0,33.0
fineweb_train_000078.bin,train,/Users/kurtisstuckert/parameter-golf/data/datasets/fineweb10B_sp1024/fineweb_train_000078.bin,200001024,1024,uint16,100000000,1,1023,559.31641289,276.5473889803573,887,8.87e-06,256,32,"the right pre and on market strategy your home will still sell for a great price! There are lots of active buyers that are house hunting this fall, making it a great time to list your home! If you have any real estate questions reach out to","ameled, circular medallion topped with a pair of wings. It the center of the medallion is a white, letter C encircling a red five-pointed star. The wings are gold as are the words, ""Chicago Motor Club."" ""Honor Member"" is in red.A wider view",960,0.02138668,962,0.02082013,267,0.01878399,618.3125,105.75,76.71875,0.7281464803896533,0.9976861292002738,0.1648597191779618,0.013853952888013084,0.03147688641637793,0.0,0.0,0.0,0.0,1.0,618.3125,0.4058583118400964,-0.2706987550739645,0.22681378629256357,0.40212838706484094,20.0,46.0,26.0,18.0,23.0,50.0,18.0,8.0,32.0,1.0,1.0,1.0,1.0,70.0
fineweb_train_000022.bin,train,/Users/kurtisstuckert/parameter-golf/data/datasets/fineweb10B_sp1024/fineweb_train_000022.bin,200001024,1024,uint16,100000000,1,1023,558.28208634,275.9095973037487,885,8.85e-06,256,32,"? CLINT HURDLE: I think there's a lot of different things that sometimes, not just our players do, but opposing players do, to try and get some type of feel for things in an altitude situation like we're in Coors Field, and from my understa","vere ( Sheriff ) - Richard Ryan ( Coach ) Enjoy movie with title Fallen full and free in top video format. Get Full with title Fallen free an fun at here. These days, you is able to see that hundreds a large number of people looking for fre",960,0.02118834,962,0.02067029,267,0.01866271,630.71875,110.59375,79.375,0.7238954524668976,0.9964859504520344,0.16817946243278578,0.0066710174745405765,0.031656728191140904,0.0,0.0,0.0,0.03125,1.0,630.71875,0.00459353384400113,-0.24435664101479557,0.5128793727768347,0.3696755696122381,42.0,45.0,9.0,19.0,31.0,10.0,57.0,67.0,78.0,1.0,1.0,64.0,1.0,7.0
fineweb_train_000075.bin,train,/Users/kurtisstuckert/parameter-golf/data/datasets/fineweb10B_sp1024/fineweb_train_000075.bin,200001024,1024,uint16,100000000,1,1023,559.00266701,276.26797416145985,887,8.87e-06,256,32,"ly carved their own woodblocks for printing; rather, production was divided between the artist, who designed the prints; the carver, who cut the woodblocks; the printer, who inked and pressed the woodblocks onto hand-made paper; and the pub","H? Some who know me wonder why I'm so combative, even though I'm not an angry person. Why I used to get into so many fights. Why I studied karate and other martial arts for so many years even though I was a gentle child. And I tell them the",960,0.02132002,962,0.02092055,267,0.01880787,625.5,108.3125,77.53125,0.7179887612186259,0.9980738127535259,0.16643002651748354,0.006428127188740388,0.02800828190628534,0.0,0.0,0.0,0.0,1.0,625.5,0.040535327889283115,-0.4637391174002597,0.3426787150945559,0.36902288194227406,41.0,75.0,21.0,20.0,44.0,34.0,8.0,8.0,50.0,1.0,1.0,1.0,1.0,6.0
fineweb_train_000054.bin,train,/Users/kurtisstuckert/parameter-golf/data/datasets/fineweb10B_sp1024/fineweb_train_000054.bin,200001024,1024,uint16,100000000,1,1023,557.62839777,275.74466920807856,886,8.86e-06,256,32,"edia to explain and demystify complicated dermatological topics. She’s been featured on the Today Show, the Dr. Oz Show and The Tyra Banks Show, as well as extensively in print, including Marie Claire, Self, O Magazine, Lucky, W Magazine, t","up for the free email list or text the word “REDACTED” to 444-999.) Comedians Lee Camp & Graham Elwood dive into the Biden Transition team, how Capitalism breeds slavery and more! Nestlé has been backed into a corner by pressure from activi",960,0.02122953,962,0.02061503,267,0.01859845,621.4375,106.1875,77.34375,0.7315901742044814,0.99674118851875,0.1656219495787692,0.010760032278857542,0.028688790035775895,0.0,0.0,0.0,0.0,1.0,621.4375,0.08337903398730157,-0.35112773086566323,0.36267353154755294,0.35988571344842196,39.0,58.0,17.0,21.0,15.0,37.0,52.0,31.0,80.0,1.0,1.0,1.0,1.0,42.0
fineweb_train_000013.bin,train,/Users/kurtisstuckert/parameter-golf/data/datasets/fineweb10B_sp1024/fineweb_train_000013.bin,200001024,1024,uint16,100000000,1,1023,559.78974336,276.8237797087984,887,8.87e-06,256,32,"Lastly, a big reason you should avoid Payday Loans is that there are simply better options. Doorstep Loans, Logbook Loans, and Guarantor Loans can all provide you with the money that you need, at a reasonable rate. For many people, when the","to bring out facial angles. I used Temptu Pro AirPod Perfect Canvas Foundation In Beige. The shadow was NARS Galoponos, a rich shimmer neutral brown. I used Lilly Lashes in Lite Mink in Mykonos. To finish the look, I used Sherri Jessee’s pi",960,0.02134049,962,0.02090356,267,0.01865373,628.0625,109.0,77.4375,0.7163137368667797,0.996685133038629,0.1667000747993583,0.006886422917323583,0.03335513145227104,0.0,0.0,0.0,0.0,1.0,628.0625,0.2244546904111433,-0.4518253482005654,0.1826364017579102,0.359593503522063,32.0,74.0,31.0,22.0,50.0,35.0,54.0,8.0,9.0,1.0,1.0,1.0,1.0,9.0
fineweb_train_000053.bin,train,/Users/kurtisstuckert/parameter-golf/data/datasets/fineweb10B_sp1024/fineweb_train_000053.bin,200001024,1024,uint16,100000000,1,1023,558.40109106,276.0706892723702,888,8.88e-06,256,32,s too often divorced. She is uniquely creative in delivering unexpected conclusions and hard proof. This study offers subtle insights about what actually works in US human trafficking policy. The book sheds light on how reputation affects g,ree to come and go as they pleased. That is the hallmark of Free Society. That is what the Statue of Liberty used to represent. It no longer exists in North America. As the US has pushed the propaganda of terrorism to grow the Military Indu,960,0.02133408,962,0.02075537,267,0.01864959,629.6875,110.03125,78.28125,0.7170004728660876,0.9974571991683324,0.16710327201116923,0.006787580701783006,0.03362712052894704,0.0,0.0,0.0,0.03125,1.0,629.6875,0.1674532602163289,-0.24132648537526788,0.3439146883002446,0.34897131554382627,34.0,43.0,20.0,23.0,47.0,21.0,29.0,1.0,70.0,1.0,1.0,64.0,1.0,8.0
fineweb_train_000056.bin,train,/Users/kurtisstuckert/parameter-golf/data/datasets/fineweb10B_sp1024/fineweb_train_000056.bin,200001024,1024,uint16,100000000,1,1023,558.7782524,276.1769150303513,886,8.86e-06,256,32,"life. Until you're in production, there are just not that many reasons for people to call you up. I try to make the best of it. I try to call people and set up lunches and meetings, and irregularly I organize parties, and throw poker games,","s. These birds are beautiful and what kind of cowboy can turn down a bucking Brahma bull...errr...hen? Besides, I might have 5 roosters in my flock. So, I picked up 3 more chicks of which Colleen took 2. My flock is finally complete at 8. 2",960,0.02136678,962,0.02072659,267,0.01879861,623.875,111.3125,79.375,0.7182792336736125,0.9978560645498844,0.1723516384626962,0.012811007890920061,0.03059731230877328,0.0,0.0,0.0,0.0,1.0,623.875,0.09065188489878852,-0.29781095623227516,0.35387594210735335,0.3396589510447955,38.0,52.0,18.0,24.0,42.0,10.0,15.0,31.0,57.0,1.0,1.0,1.0,1.0,61.0
fineweb_train_000061.bin,train,/Users/kurtisstuckert/parameter-golf/data/datasets/fineweb10B_sp1024/fineweb_train_000061.bin,200001024,1024,uint16,100000000,1,1023,559.67551824,276.51419290952754,886,8.86e-06,256,32,"Great Lakes. I don't think anyone in this room except me would relate to this, but they used to go out in the Great Lakes and cut huge chunks of ice. Then they would have these pulled out of the lake by a team of horses, put them on sleds, ","ally great healthy cocktail should satisfy your tastebuds and not at the expense of your health. Keep in mind that if you don't like a particular liquor or brand of liquor, you may substitute another, provided you avoid malt liquors and liq",960,0.02130473,962,0.02091674,267,0.01872482,623.1875,107.0,77.28125,0.7300807574957312,0.9980158317912171,0.16573341327928243,0.011434718554534998,0.02748825083373916,0.0,0.03125,0.0,0.03125,1.0,623.1875,0.37390420666681223,0.14849803498617567,0.319197804873396,0.29184137343527183,21.0,25.0,22.0,25.0,19.0,39.0,10.0,31.0,35.0,50.0,1.0,64.0,1.0,50.0
fineweb_train_000018.bin,train,/Users/kurtisstuckert/parameter-golf/data/datasets/fineweb10B_sp1024/fineweb_train_000018.bin,200001024,1024,uint16,100000000,1,1023,558.26519583,276.03486079341815,887,8.87e-06,256,32,"ead for any sneaky-under-the-mistletoe-wink-wink, I won’t spell it out. Your Christmas outfit wouldn’t be complete without a beautiful and delicate knot ring by Bario-Neal jewelry design. My finger would suit it too well, far too well. And ",", Cadiz, Cordoba and the beautiful coasts Costa del Sol and Costa del Luz. There are the incredible architectures of the Alcazar in Sevilla, and the Alhambra in Granada, to name only two. We are happy to briefly introduce ourselves to any n",960,0.02129736,962,0.02062907,267,0.01868616,617.6875,106.1875,76.65625,0.7304127008650229,0.9979512203666107,0.1642653068851292,0.007785122820727882,0.030668364437707218,0.0,0.03125,0.0,0.03125,1.0,617.6875,0.24154214563793833,0.05362383360711165,0.3514029176118369,0.28319722846109346,30.0,29.0,19.0,26.0,16.0,53.0,12.0,8.0,72.0,50.0,1.0,64.0,1.0,15.0
fineweb_train_000035.bin,train,/Users/kurtisstuckert/parameter-golf/data/datasets/fineweb10B_sp1024/fineweb_train_000035.bin,200001024,1024,uint16,100000000,1,1023,558.52800086,276.13570959340234,887,8.87e-06,256,32,"hear our hollering and row across and fetch us. Of the three diminished families still living on the island, not one of them had a phone. Once we’d finally enticed Johnny to row across in his black Curragh and rescue us, we would walk the h","operation, and activities conducted including the donation or sale of by-products for use as animal food. We will continue to update this portal to ensure Western Growers’ members have access to the latest information on FSMA. In addition, ",960,0.02127124,962,0.0209437,267,0.01869952,623.5625,109.09375,77.8125,0.7199659885584332,0.9972892303899895,0.1691601475859769,0.013735319213697127,0.030454954664867147,0.0,0.0,0.0,0.0,1.0,623.5625,0.08305548182654679,-0.2737827336645602,0.15793344500356052,0.22006231835650042,40.0,47.0,32.0,27.0,39.0,29.0,35.0,8.0,61.0,1.0,1.0,1.0,1.0,69.0
fineweb_train_000014.bin,train,/Users/kurtisstuckert/parameter-golf/data/datasets/fineweb10B_sp1024/fineweb_train_000014.bin,200001024,1024,uint16,100000000,1,1023,559.72972986,276.82337615774327,886,8.86e-06,256,32,act us at email@example.com for one of our friendly team members to help you out :) We'd love to hear from you!Nesquik Chocolate Cake This Nesquik Chocolate Cake recipe comes from an old church cookbook from the 1960’s. The cake itself is a,"of tourneying is in a charter of Osbert of Arden, a Warwickshire knight of English descent, which reveals that he travelled to Northampton and London but also crossed the Channel to join in events in France. The charter dates to the late 11",960,0.02129967,962,0.02082952,267,0.01874584,616.65625,105.71875,76.90625,0.7303819817959115,0.9969993776616329,0.165987737923678,0.01158610688735144,0.0302333277240649,0.0,0.0625,0.0,0.0,1.0,616.65625,0.47650696780978175,0.2083835535698841,0.11443562759717689,0.20443348694338964,18.0,21.0,37.0,28.0,17.0,45.0,44.0,31.0,10.0,63.0,1.0,1.0,1.0,51.0
fineweb_train_000072.bin,train,/Users/kurtisstuckert/parameter-golf/data/datasets/fineweb10B_sp1024/fineweb_train_000072.bin,200001024,1024,uint16,100000000,1,1023,559.48995999,276.6231431717133,886,8.86e-06,256,32,oderma pigmentosum (XP) and Cockayne syndrome (CS) are quite distinct genetic disorders that are associated with defects in excision repair of UV-induced DNA damage... - Repair of oxidatively generated DNA damage in Cockayne syndromeAndriy ,ult of the GONG project.Project Participants The GOAT project is funded by the Department of Trade and Industry (DTI) and the Engineering and Physical Sciences Research Council (EPSRC) as part of the UK e-Science programme. Last modified 4 ,960,0.02126035,962,0.02088985,267,0.01852866,607.15625,105.03125,76.25,0.7297081472943195,0.9976101877499699,0.16617264041796082,0.013283897028057729,0.031460386171502715,0.0,0.03125,0.0,0.0,1.0,607.15625,0.279026884029834,-0.016499417071182562,0.1274123936148298,0.2014137102764956,28.0,30.0,35.0,29.0,21.0,60.0,21.0,31.0,23.0,50.0,1.0,1.0,1.0,66.0
fineweb_train_000006.bin,train,/Users/kurtisstuckert/parameter-golf/data/datasets/fineweb10B_sp1024/fineweb_train_000006.bin,200001024,1024,uint16,100000000,1,1023,558.4701766,276.06146708964076,886,8.86e-06,256,32,"ast. The crystal clear ocean waters make for a perfect setting with a backdrop of fragrant pine scrub for a peaceful hideout. With its diverse landscape and varying altitudes, it’s also great for people that enjoy trekking. How to Prepare f","ented for each tissue, reporting any change in expression of protein or mRNA with gestational age, comparing the relative level of mRNA expression of the isotypes, and comparing mRNA expression in the fetal organ to that observed in the hum",960,0.02118264,962,0.02094667,267,0.01890706,624.3125,110.5,78.84375,0.7161881379022598,0.9968539116887682,0.17006074131165308,0.011303529891230095,0.028136164218392948,0.0,0.0,0.0,0.0,1.0,624.3125,-0.10011924841090104,-0.33699906958747705,0.22225289594615197,0.19513510534109507,45.0,55.0,28.0,30.0,51.0,16.0,50.0,31.0,71.0,1.0,1.0,1.0,1.0,47.0
fineweb_train_000063.bin,train,/Users/kurtisstuckert/parameter-golf/data/datasets/fineweb10B_sp1024/fineweb_train_000063.bin,200001024,1024,uint16,100000000,1,1023,559.08569718,276.44222659603463,888,8.88e-06,256,32,"us on BBB Impermeability and Receptor-mediated Transport Institutions: VECT-HORUS SAS, CNRS, NICN UMR 7259. The blood brain barrier (BBB) specifically regulates molecular and cellular flux between the blood and the nervous tissue. Our aim w","s. 268 pages. “A well-illustrated and comprehensive book on the training of mules and donkeys by an exceptionally well-qualified author.” — Dr. Robert Miller, DVM “I cannot recommend this book too highly, it is an excellent piece of work an",960,0.02133202,962,0.02070226,267,0.01866267,631.75,109.46875,77.96875,0.7159734735056248,0.9976170188639251,0.1685090150766774,0.008840854848279515,0.03040212086856747,0.0,0.0,0.03125,0.03125,1.0,631.75,0.2615942819315231,0.09729980011838692,0.1566158307036235,0.16980120371474292,29.0,28.0,33.0,31.0,53.0,28.0,20.0,1.0,39.0,1.0,74.0,64.0,1.0,24.0
fineweb_train_000028.bin,train,/Users/kurtisstuckert/parameter-golf/data/datasets/fineweb10B_sp1024/fineweb_train_000028.bin,200001024,1024,uint16,100000000,1,1023,558.37436214,276.0843978318734,886,8.86e-06,256,32,eserve Stream Hike July 13 Poli Poli Forest Trails August 10 Iao Table Lands Trail September 14 Kapalua Coastal Trail October 12 Special Pride Hike: LA PEROUSE! November 9 Kahakuloa Ridge Hike December 14 Waihe’e Coastal Land Trust Hike + H,"der in which their status is reported is unspecified. As described in Status Information, the waitid() function consumes the status information it obtains unless the WNOWAIT flag is set in the options argument. The behavior when multiple th",960,0.02127538,962,0.02080439,267,0.01857973,624.75,107.0,76.4375,0.7231384481419668,0.9974646781555111,0.1651943373396604,0.00960113591931823,0.029662229130892715,0.0,0.0,0.0,0.0,1.0,624.75,-0.16299762283806846,-0.381254181741827,0.19776691672703073,0.16886183753237555,49.0,61.0,30.0,32.0,32.0,57.0,28.0,31.0,67.0,1.0,1.0,1.0,1.0,34.0
fineweb_train_000051.bin,train,/Users/kurtisstuckert/parameter-golf/data/datasets/fineweb10B_sp1024/fineweb_train_000051.bin,200001024,1024,uint16,100000000,1,1023,558.52159069,276.1359011472831,886,8.86e-06,256,32,"- that were of olive-drab colour or camouflage colour for which 22 we could assume that they were transporting ammunition and other explosive 24 Q. Thank you. I have another two questions, witness. The first 25 question is as follows: Did y","the URL. - No registration obligatory, registering will give additional features. Check out QR Jumps @ www.qrjumps.comSkin Specialist & Dermatologist Dr. Niteen Vishwanath Dhepe MD is the Medical Director of Skin City. He also heads the Ski",960,0.0212509,962,0.02062316,267,0.0186275,626.46875,109.28125,78.1875,0.7251314539871637,0.9969134732253871,0.1687283039007754,0.010498364288213706,0.03248368599515136,0.0,0.03125,0.0,0.03125,1.0,626.46875,0.15118360642591291,0.12415674633269463,0.2584462904721251,0.1667232214348865,36.0,27.0,23.0,33.0,28.0,22.0,47.0,31.0,60.0,50.0,1.0,64.0,1.0,40.0
fineweb_train_000020.bin,train,/Users/kurtisstuckert/parameter-golf/data/datasets/fineweb10B_sp1024/fineweb_train_000020.bin,200001024,1024,uint16,100000000,1,1023,559.88095168,276.6977794028306,886,8.86e-06,256,32,"8 and 39% of reported annual individual and household income, respectively . In the midst of increasing momentum toward Universal Health Coverage (UHC), providing financial risk protection for TB patients and their families is now of great ","piece of furniture with shelves, drawer used for storing items cutting board - a board used as a firm surface for cutting food pan - a broad, shallow container of metal used for cooking I got this to work. I used fgets to read the file unti",960,0.02132121,962,0.02097833,267,0.01882888,633.375,108.5625,78.0,0.7226126304290499,0.9969914230290192,0.165557169676024,0.009245776856348557,0.03055228113120428,0.0,0.0625,0.0,0.0,1.0,633.375,0.29744509384991236,0.14754477611350586,0.14102789197605187,0.15977496117956205,26.0,26.0,34.0,34.0,33.0,27.0,45.0,31.0,18.0,63.0,1.0,1.0,1.0,30.0
fineweb_train_000037.bin,train,/Users/kurtisstuckert/parameter-golf/data/datasets/fineweb10B_sp1024/fineweb_train_000037.bin,200001024,1024,uint16,100000000,1,1023,560.16450449,276.81981155008174,886,8.86e-06,256,32,"maintain independent living in elderly people: A systematic review and meta-analysis. Lancet. 2008, 371 (9614): 725-735. 10.1016/S0140-6736(08)60342-6. Asplund K, Gustafson Y, Jacobsson C, Bucht G, Wahlin A, Peterson J, et al: Geriatric-bas",causing countries in Europe to impose a second wave of lockdowns to slow the spread of the virus. Fuel demand around the world is down due to lockdowns and travel restrictions caused by the pandemic. Saudi Arabia has consistently stated tha,960,0.02140176,962,0.02095163,267,0.01877722,630.09375,109.0,78.125,0.7224092022101528,0.9967710740703946,0.1667965655693879,0.012409796429704975,0.032019460562891365,0.0,0.0625,0.0,0.0,1.0,630.09375,0.36196869456466135,0.22979603133863652,0.05073979932517127,0.11036419121441904,23.0,20.0,41.0,35.0,34.0,23.0,51.0,31.0,11.0,63.0,1.0,1.0,1.0,57.0
fineweb_train_000011.bin,train,/Users/kurtisstuckert/parameter-golf/data/datasets/fineweb10B_sp1024/fineweb_train_000011.bin,200001024,1024,uint16,100000000,1,1023,558.45659645,275.9778092208717,886,8.86e-06,256,32,"ings I really can't share, I've made some more Turning Four-T blocks. I can't remember if I told you that I really want to make the quilt bigger and replace a couple of blocks I'm not super happy with. This necessitates a further 27 blocks ",2018 Latest Topics for Sony Digital Cameras alam nyo po ba kug paano linisan ang battery terminal nitong Sony Cybershot DSC-W800? may nakapagsabi kasing maaring hindi ngcharge ag aking camera dahil sira ang battery terminal nito. - Last upd,960,0.02128799,962,0.02091665,267,0.01864079,620.8125,108.375,78.5625,0.7302027176843321,0.9972253380257539,0.16836852978308714,0.010470645883421342,0.03150233340481765,0.0,0.09375,0.0,0.0,1.0,620.8125,0.298221361019889,0.44840464246323425,0.23717038799299292,0.10770170099296417,25.0,14.0,25.0,36.0,18.0,18.0,36.0,31.0,75.0,74.0,1.0,1.0,1.0,38.0
fineweb_train_000045.bin,train,/Users/kurtisstuckert/parameter-golf/data/datasets/fineweb10B_sp1024/fineweb_train_000045.bin,200001024,1024,uint16,100000000,1,1023,560.49754227,277.1210496739639,887,8.87e-06,256,32,"there is no reason to label it family photos. If I'm doing a shoot for a client however I'm going to want to be able to find these photos quickly, even without the APE keyword tags. Redundancy is a good thing. After you have gone through th","ers, and this has created an economic and demographic magnet. What does Baltimore offer today in the way of good jobs? Also, Greenville enjoys incomes above state average. Yet it’s not our less-than-stellar population causing Baltimore’s de",960,0.02133602,962,0.02092048,267,0.0186412,632.34375,109.3125,77.5625,0.718189646012491,0.9968566578506147,0.1666993604766989,0.008152801072346434,0.029550131270944628,0.0,0.0625,0.0,0.03125,1.0,632.34375,0.4386088727220038,0.33220033045994346,0.031507935950423324,0.09843324183665432,19.0,19.0,43.0,37.0,43.0,33.0,49.0,8.0,2.0,63.0,1.0,64.0,1.0,17.0
fineweb_train_000064.bin,train,/Users/kurtisstuckert/parameter-golf/data/datasets/fineweb10B_sp1024/fineweb_train_000064.bin,200001024,1024,uint16,100000000,1,1023,558.72772354,276.11596540386677,884,8.84e-06,256,32,"to which it leads (Heb 2.9; 5.9). Redemptive merit is not understood according to the law of do ut des, but (cf. Saint Thomas, De ver. 29.7) as the physical and moral disposition to receive the gift of God. The death was total submission (P","organization. First of all, it is said that it is a government institution, so everyone knows that government job opportunities. Ordinary people have always been attracted to government jobs. What kind of benefit of Bureau of Educational In",960,0.02124416,962,0.02088226,267,0.01863407,609.0,102.125,74.40625,0.7319551262884311,0.9982146231610061,0.1613076433915556,0.009222449565575342,0.029180869734647875,0.0,0.0,0.0,0.0,1.0,609.0,-0.4190342245714612,-0.39109844066938443,0.22289102605472702,0.07090911750722688,63.0,63.0,27.0,38.0,13.0,72.0,3.0,76.0,64.0,1.0,1.0,1.0,1.0,29.0
fineweb_train_000058.bin,train,/Users/kurtisstuckert/parameter-golf/data/datasets/fineweb10B_sp1024/fineweb_train_000058.bin,200001024,1024,uint16,100000000,1,1023,559.01398314,276.41211104362236,886,8.86e-06,256,32,"adler TJ, Whittaker LW, Pober JS: Interferon-gamma induces prolyl hydroxylase (PHD)3 through a STAT1-dependent mechanism in human endothelial cells. Arterioscler Thromb Vasc Biol. 2009, 29: 1363-1369. 10.1161/ATVBAHA.109.192542.PubMedPubMed","important step in the right direction. Anthropologist Peter Frost devoted several paragraphs of his year-end science round-up to the minimum wage issue, strongly endorsing a higher figure and accusing conservative opponents of being shills ",960,0.02125615,962,0.02084841,267,0.01854327,624.34375,109.28125,77.6875,0.7168963356294223,0.9967023744057358,0.16782889059359407,0.008613872338486513,0.032550176611326136,0.0,0.03125,0.0,0.0,1.0,624.34375,-0.06481653102719191,-0.13790049685088535,0.08585341333397138,0.06631711226925777,43.0,39.0,40.0,39.0,48.0,32.0,53.0,31.0,41.0,50.0,1.0,1.0,1.0,21.0
fineweb_train_000042.bin,train,/Users/kurtisstuckert/parameter-golf/data/datasets/fineweb10B_sp1024/fineweb_train_000042.bin,200001024,1024,uint16,100000000,1,1023,559.31098585,276.37249807633015,886,8.86e-06,256,32,"igwigs: see Haig, Douglas). I don't really know that much about Jim DeMint, but if he is really trying to reform things and the atricle is correct in noting: ...Senate Republicans doubt his fiery tactics can lead their party out of the poli",does not include the 18% VAT. 1 month in advance – 20% (deposit) 15 days to 1 month – 75% Less than 14 days – 100% To use same border as Rack and STO Rates on all text boxes to bring uniformityThe OGHA's house league (HL) concept is designe,960,0.02131228,962,0.02081834,267,0.01872283,631.15625,110.53125,79.09375,0.7204710989614106,0.9970498926837292,0.16656110938321794,0.019896739903668175,0.03399929262067194,0.0,0.03125,0.0,0.0,1.0,631.15625,0.21736979210835897,0.1554067973232286,0.03006002307725617,0.05995704007812243,33.0,24.0,44.0,40.0,37.0,15.0,41.0,31.0,42.0,50.0,1.0,1.0,1.0,77.0
fineweb_train_000031.bin,train,/Users/kurtisstuckert/parameter-golf/data/datasets/fineweb10B_sp1024/fineweb_train_000031.bin,200001024,1024,uint16,100000000,1,1023,559.47665927,276.58822085535445,884,8.84e-06,256,32,"and fresh air made this an attractive place to visit. Other facilities were built around the palace, such as the Casón del Buen Retiro, the Salón de Reinos and the garden area, all of which still stand today. The large garden area was devel","often. I don’t know how, or when; but I’m going to try.[CentOS] Re: Logwatch doesn ́t report on dovecot centos at rc0.at Wed Aug 27 10:44:25 UTC 2008 Am Mittwoch, den 27.08.2008, 11:03 +0200 schrieb Ralph Angenendt: > henry ritzlmayr wrote:",960,0.02131228,962,0.02089379,267,0.01852577,628.3125,107.59375,77.0,0.721081523425162,0.9973687557049066,0.1641954861531324,0.013111946218404925,0.03259288793049959,0.0,0.0,0.0,0.0,1.0,628.3125,-0.23957928738806333,-0.28998782031067155,0.11809550224755351,0.05863758402026098,52.0,50.0,36.0,41.0,36.0,44.0,33.0,76.0,26.0,1.0,1.0,1.0,1.0,64.0
fineweb_train_000039.bin,train,/Users/kurtisstuckert/parameter-golf/data/datasets/fineweb10B_sp1024/fineweb_train_000039.bin,200001024,1024,uint16,100000000,1,1023,559.23941178,276.45119203808764,887,8.87e-06,256,32,were female. The majority of the group had secondary progressive MS (53%) and 75% used a walking aid. There was a total of 539 falls recorded over the 3 month period from 38 participants. 58% of the fallers were multiple fallers. There was ,"09-24 16:41:19. If you are just going to be drinking coffee or tea from your cup, pretty much any spout will do. But if you if you are going to drink anything other than a normal beverage, such as soup, the type of spout can be important. M",960,0.02130086,962,0.02086245,267,0.01866911,605.4375,107.28125,77.34375,0.7257669633747578,0.9945898978360124,0.16778935087388047,0.011399913004485687,0.04011915936816108,0.0,0.0625,0.0,0.0,1.0,605.4375,0.3618686334069666,0.20354329255825482,-0.1083715887564393,0.03199635882170418,24.0,22.0,49.0,42.0,26.0,37.0,73.0,8.0,38.0,63.0,1.0,1.0,1.0,49.0
fineweb_train_000060.bin,train,/Users/kurtisstuckert/parameter-golf/data/datasets/fineweb10B_sp1024/fineweb_train_000060.bin,200001024,1024,uint16,100000000,1,1023,559.63547578,276.5217994761951,886,8.86e-06,256,32,". Wood strip flooring is one of the oldest types of flooring still popular in the modern age. It consists of wood strips, usually interlocking, which are either nailed or glued to the sub-floor. Often the strips will be prefinished, requiri",ually log in; there should not be several people at one PC/camera station. This is in part due to the aforementioned reasons and also ensures that everybody is on equal footing. Tip 10: Look into the camera when speaking Whenever we have co,960,0.02132751,962,0.0208861,267,0.01870498,635.90625,114.0,79.34375,0.6990291332743125,0.9977267851083774,0.1737874789819859,0.008233280187483488,0.026565842152426952,0.0,0.0,0.0,0.0,1.0,635.90625,-0.40544971101871174,-0.4168127009930047,0.09932028408169695,0.01805823163406467,62.0,67.0,38.0,43.0,74.0,12.0,17.0,31.0,34.0,1.0,1.0,1.0,1.0,20.0
fineweb_train_000066.bin,train,/Users/kurtisstuckert/parameter-golf/data/datasets/fineweb10B_sp1024/fineweb_train_000066.bin,200001024,1024,uint16,100000000,1,1023,558.31772715,276.1269220436648,885,8.85e-06,256,32,to be withheld and paid - Date on which to make the payment to the ATO - Market value where there’s non-monetary consideration - Any other matters specified in the regulations e.g. GST grouping details. Obligations for buyers The buyer has ,cone crusher for sale in the usgrinder machine manufacturers in delhigrinding machine manufacturers in delhi ncr pulverizer manufacturer in bangalore SBM crusher for sale ... Posts Related to pulverizer manufacturer in bangalore pulveriser ,960,0.0212078,962,0.02076056,267,0.01863599,619.375,107.1875,76.84375,0.7215997273528706,0.9963977921252728,0.16682710545480672,0.013267115380103963,0.030825463992436162,0.0,0.0,0.0,0.0,1.0,619.375,-0.2975744297424253,-0.2859540720907014,0.03284489142076427,-0.015759877870925545,56.0,49.0,42.0,44.0,35.0,48.0,59.0,67.0,63.0,1.0,1.0,1.0,1.0,65.0
fineweb_train_000003.bin,train,/Users/kurtisstuckert/parameter-golf/data/datasets/fineweb10B_sp1024/fineweb_train_000003.bin,200001024,1024,uint16,100000000,1,1023,558.45708238,276.08073729892476,886,8.86e-06,256,32,"/overrun vulnerabilities in Microsoft Office, Microsoft Excel, Microsoft Outlook, and Vector Markup Language. This ""out of the box"" protection is provided without the need for security content updates for either product. The McAfee Vulnerab","I’m hoping that happens for us. In my opinion, we’re going into the best month of motorsports in the world; everyone knows what happens in the month of May and that would be a great place to get our first win of the season.” Max Chilton (#1",960,0.0212726,962,0.02074067,267,0.01873648,636.0,109.125,77.71875,0.713633791657284,0.9970590015976725,0.16683840398918104,0.007388776374768731,0.03137275660650738,0.0,0.03125,0.0,0.0,1.0,636.0,-0.3212137059029211,-0.16974786013382975,0.0873433916968461,-0.03709555117620874,57.0,41.0,39.0,45.0,56.0,31.0,40.0,31.0,68.0,50.0,1.0,1.0,1.0,13.0
fineweb_train_000049.bin,train,/Users/kurtisstuckert/parameter-golf/data/datasets/fineweb10B_sp1024/fineweb_train_000049.bin,200001024,1024,uint16,100000000,1,1023,559.48867808,276.5614594434556,886,8.86e-06,256,32,"see some amazing sights. Home to some of the finest Roman sites and ruins on the globe, a holiday to Tunisia is a chance to witness the amazing medinas of Tunis and Sousse and the ruins of the Punic town of Kerkouane. More proof of the coun","sourced from the pristine ocean waters off the coast of Tasmania, where they swim against the tides in state of the art sea pens. They are processed by our partners into perfectly portioned packs in the weight ranges our customers prefer. Y",960,0.02132708,962,0.02087873,267,0.01867888,616.125,107.34375,76.59375,0.714973697603092,0.9975428281664008,0.16713624035760488,0.014950759349504508,0.029751361981151577,0.0,0.0,0.0,0.0,1.0,616.125,-0.20157243067671504,-0.24218638146023114,-0.0721483078827515,-0.0456239296289542,50.0,44.0,47.0,46.0,54.0,55.0,25.0,31.0,31.0,1.0,1.0,1.0,1.0,71.0
fineweb_train_000025.bin,train,/Users/kurtisstuckert/parameter-golf/data/datasets/fineweb10B_sp1024/fineweb_train_000025.bin,200001024,1024,uint16,100000000,1,1023,558.8254017,276.34800154141453,886,8.86e-06,256,32,"this is definitely a very worthy read. Basically? It’s a wonderful read. If you’ve read Stray Souls, save a space on your shelf for this one, because it’s one of the best I’ve read this year.At the beginning of a clinical trial, the researc","ies cannot simply be delegated to a third party – there is no ability to 'hire and forget' when it comes to managing health and safety. Finally, while the HSE's press release concerned a prosecution made under the HSWA, failures with respec",960,0.02123891,962,0.02082436,267,0.01860391,622.46875,108.125,76.875,0.7164742950750694,0.995112321536569,0.1673047006637981,0.012164538244571537,0.036708367763624815,0.0,0.0,0.0,0.0,1.0,622.46875,-0.21197692261614617,-0.3146164590568693,-0.13047137674755857,-0.05703311171851877,51.0,54.0,51.0,47.0,49.0,47.0,71.0,31.0,45.0,1.0,1.0,1.0,1.0,55.0
fineweb_train_000000.bin,train,/Users/kurtisstuckert/parameter-golf/data/datasets/fineweb10B_sp1024/fineweb_train_000000.bin,200001024,1024,uint16,100000000,1,1023,559.80125399,276.64587655573956,886,8.86e-06,256,32,The Coffee Legends of Kaldi & Omar the Dervish Coffee evolution started as coffee legends. Among the stories created on coffee discovery the most known are the Ethiopian legend of Kaldi and the Arabian version of Omar the Dervish. Myths or ,"kids can start the school year with their new peers. So, if you have to move this summer, here are some tips to help you make the transition as easy as possible. Plan Ahead for Your Moving Day: As soon as you're sure that you are moving, st",960,0.02137051,962,0.02076197,267,0.01865056,635.375,113.125,78.40625,0.6986859112344396,0.9962883668948016,0.1719214681565475,0.007107311272891482,0.029388874478465925,0.0,0.0,0.0,0.0,1.0,635.375,-0.48048830570151035,-0.44608317622948573,-0.08470412722761528,-0.10667789586054804,65.0,72.0,48.0,48.0,75.0,19.0,61.0,31.0,21.0,1.0,1.0,1.0,1.0,11.0
fineweb_train_000029.bin,train,/Users/kurtisstuckert/parameter-golf/data/datasets/fineweb10B_sp1024/fineweb_train_000029.bin,200001024,1024,uint16,100000000,1,1023,559.19580213,276.52931185047254,886,8.86e-06,256,32,"es everyone should experience all 16, 777, 216 hues of beautiful colour that surrounds us every day. Wear Maui Jim and you’ll see the world in all its glory. You can add your Maui Jim lenses to your Maui Jim sunglasses for the complete pack","iet. Bone Broth supports a healthy digestive system, a healthy immune system, joint and coat health and general health and well-being and is of course delicious. No added preservatives, artificial colours or flavours, non-GMO, grain-free. O",960,0.02126703,962,0.02102556,267,0.01885892,640.28125,112.8125,78.34375,0.7008201638065815,0.9970222642357377,0.16927520420129805,0.009451066279538017,0.02975266942000025,0.0,0.0,0.0,0.0,1.0,640.28125,-0.46947747582607763,-0.385155363753167,-0.05541980254885914,-0.106941378209999,64.0,62.0,45.0,49.0,72.0,20.0,42.0,31.0,33.0,1.0,1.0,1.0,1.0,32.0
fineweb_train_000079.bin,train,/Users/kurtisstuckert/parameter-golf/data/datasets/fineweb10B_sp1024/fineweb_train_000079.bin,200001024,1024,uint16,100000000,1,1023,559.38022858,276.57804158755437,886,8.86e-06,256,32,uthor: Katherine Freedman.The Worcester County Death Records Search (Massachusetts) links below open in a new window and download pdf you to third party websites that provide access to Worcester County public records. Editors frequently mon,"this point to O&Z readers (his previous guest posts are here, here, and here), and he weighs in again today to look at the foreign policy angle to the talks between the Turkish government and imprisoned PKK leader Abdullah Ocalan, and to po",960,0.02134258,962,0.02096526,267,0.01866555,618.96875,108.25,76.6875,0.7129056119370172,0.9976717610156246,0.16843668732437214,0.017332806042278714,0.03023124792143739,0.0,0.0,0.0,0.0,1.0,618.96875,-0.2517537975238931,-0.18026314554367537,-0.1532523119393188,-0.13448587951209084,53.0,42.0,53.0,50.0,58.0,51.0,19.0,31.0,29.0,1.0,1.0,1.0,1.0,74.0
fineweb_train_000055.bin,train,/Users/kurtisstuckert/parameter-golf/data/datasets/fineweb10B_sp1024/fineweb_train_000055.bin,200001024,1024,uint16,100000000,1,1023,558.10836419,275.97008930688907,887,8.87e-06,256,32,"avis, his cabinet and military escort dined here on their flight from Richmond. Listed in the National Register June 24, 1971.” [Courtesy of the S.C. Dept. of Archives and History] “In Lower Union county, on a commanding site overlooking th","heart, you will definitely find them. and it won t be bad. It is just a record. It is different from the current profit making public accounts. This man in cbd gummies for sleep for kids their family really didn t care about his father sinc",960,0.02116343,962,0.02080437,267,0.01853418,587.875,100.78125,74.6875,0.7504621871227501,0.9986283339487445,0.16224757331879286,0.025022970591453645,0.03982688992375589,0.0,0.125,0.0,0.0,1.0,587.875,0.6361718977113389,1.0957225294734863,-0.13938820837695373,-0.17388904595294224,14.0,3.0,52.0,51.0,1.0,71.0,1.0,8.0,76.0,79.0,1.0,1.0,1.0,80.0
fineweb_train_000009.bin,train,/Users/kurtisstuckert/parameter-golf/data/datasets/fineweb10B_sp1024/fineweb_train_000009.bin,200001024,1024,uint16,100000000,1,1023,560.64749868,277.04972052023334,887,8.87e-06,256,32,"ready had a character history attached. I decided to group them according to character. The first two characters were introduced in 2001/2002. Veronique was the first FR doll I ever owned, which I purchased in 2004; she was Flame Rouge. Rel","based on the love obsession of Adele Hugo. Concept, music, electronics, text: Cinzia NIstico Voice: Anat Spiegel Visuals: Esther Urlus Part of the program “Shifting Images” for clarinet, electronics and photosequences. All sounds in the ele",960,0.02143118,962,0.02106874,267,0.01878727,621.8125,105.40625,74.34375,0.7103844170266705,0.9963803618016167,0.16578293868312224,0.009725154424253942,0.030959719546973057,0.0,0.0,0.0,0.0,1.0,621.8125,-0.26813004005874047,-0.37803022011149945,-0.34197347729071925,-0.17643335349730402,55.0,60.0,65.0,52.0,64.0,73.0,60.0,8.0,4.0,1.0,1.0,1.0,1.0,36.0
fineweb_train_000062.bin,train,/Users/kurtisstuckert/parameter-golf/data/datasets/fineweb10B_sp1024/fineweb_train_000062.bin,200001024,1024,uint16,100000000,1,1023,559.44088498,276.65089527394343,887,8.87e-06,256,32,"abels for cigarettes that include images of corpses, cancer patients, and diseased lungs and teeth will help snuff out tobacco use.More in Outdoors Nearly 50 percent of the price of landscaping projects go to the cost of labor. For a crew o","ows 7 does nothing to replace or modify that advancement. Anything that runs on Windows Vista should run on Windows 7, and early indications are that performance will be similar between the two operating systems. There is nothing in Windows",960,0.02130777,962,0.02073115,267,0.0185734,629.9375,108.84375,75.9375,0.7024236345718617,0.9978430262803023,0.16688162768449433,0.008823989230126904,0.02565950039980056,0.0,0.0,0.0,0.0,1.0,629.9375,-0.5137966928260838,-0.4014567402905508,-0.1917499494297196,-0.19616112485639073,66.0,66.0,57.0,53.0,71.0,64.0,16.0,8.0,20.0,1.0,1.0,1.0,1.0,22.0
fineweb_train_000019.bin,train,/Users/kurtisstuckert/parameter-golf/data/datasets/fineweb10B_sp1024/fineweb_train_000019.bin,200001024,1024,uint16,100000000,1,1023,558.71261691,276.257845432396,885,8.85e-06,256,32,"her Super credentials. The Admin’s rights are a superset of the Operator type rights; however, they all log into the Admin portal. When Operators log in to the Admin portal, the tabs for tasks they can’t perform (involving Groups and Portal","reme legacy systems and for public access anonymous FTP. Even for anonymous public access, HTTPS and web servers have largely replaced FTP. Since FTP is unencrypted, man-in-the-middle attacks can and have been used to inject malware into so",960,0.02132818,962,0.02080108,267,0.01858253,625.21875,108.875,76.90625,0.7115813385749735,0.997473633220841,0.16872247438494298,0.013525535118885169,0.03022324618247414,0.0,0.0,0.0,0.0,1.0,625.21875,-0.5677464167455668,-0.2792362413703444,-0.07199996139263462,-0.1973531818218336,68.0,48.0,46.0,54.0,62.0,45.0,27.0,67.0,51.0,1.0,1.0,1.0,1.0,67.0
fineweb_train_000043.bin,train,/Users/kurtisstuckert/parameter-golf/data/datasets/fineweb10B_sp1024/fineweb_train_000043.bin,200001024,1024,uint16,100000000,1,1023,559.81973518,276.7357946087471,887,8.87e-06,256,32,"assessment alone will shape instruction is wrong. As we think about courses, we may think about middle school as well.” Revisions in the four College Board tests will be guided by emphasizing skills associated with college success, Mr. Cole","atch up to Smith’s bomb in the NFC championship game, but it’s pretty hard to overthrow Wallace, who’s about as fast as DeSean Jackson. Wallace and the Niners are a match that makes sense.Gangstar West Coast Hustle On HVGA and QVGA Phones T",960,0.02135035,962,0.02079789,267,0.01861559,626.0625,108.125,76.0,0.7085612700124114,0.9971673452001787,0.1671820891610764,0.009074661577397053,0.03176075525966628,0.0,0.0,0.03125,0.0,1.0,626.0625,-0.26043740089647993,-0.1096905507033713,-0.2242090344539563,-0.202120106606912,54.0,35.0,60.0,55.0,66.0,63.0,37.0,8.0,15.0,1.0,74.0,1.0,1.0,26.0
fineweb_train_000040.bin,train,/Users/kurtisstuckert/parameter-golf/data/datasets/fineweb10B_sp1024/fineweb_train_000040.bin,200001024,1024,uint16,100000000,1,1023,558.7694976,276.2360413037437,887,8.87e-06,256,32,"eny of the rock lizards genus Iberolacerta (Reptilia: Lacertidae). Molecular Phylogenetics and Evolution: 860-866. Gasc, J.-P., Cabela, A., Crnobrnja-Isailovic, J., Dolmen, D., Grossenbacher, K., Haffner, P., Lescure, J., Martens, H., Martí","ards of this new charted system. Standardized tests were given out to all the schools. Testing was to be scheduled, proctored, and the individual students were NOT to be coached on answering the questions on the test in any way. Therefore, ",960,0.0212864,962,0.020796,267,0.01862978,613.125,104.5,74.28125,0.7177631190415346,0.996062705346746,0.1622486157581265,0.010964010892257894,0.03904509653708889,0.0,0.0,0.0,0.0,1.0,613.125,-0.396893019973981,-0.34582514135814546,-0.266948790620659,-0.20438489435430301,61.0,56.0,62.0,56.0,46.0,74.0,66.0,8.0,53.0,1.0,1.0,1.0,1.0,45.0
fineweb_train_000046.bin,train,/Users/kurtisstuckert/parameter-golf/data/datasets/fineweb10B_sp1024/fineweb_train_000046.bin,200001024,1024,uint16,100000000,1,1023,559.81922144,276.70589690903273,885,8.85e-06,256,32,"ollege/University||Institution Type||Location||Degrees Offered||Tuition & Fees (2015-2016)*| |California Institute of the Arts||private, not-for-profit, 4 year||Valencia, CA||Bachelor's, master's||Undergraduate: $43,986 Graduate: $43,986| |","people to: ... Lagerveld, S.; Houtman, I.L.D. The article will describe factors of influence on return to work RTW and evidence-based interventions that enhance return to work (RTW) after sick leave due to common mental health disorders (CM",960,0.02136554,962,0.0209123,267,0.01854756,614.34375,107.96875,76.25,0.7089902569899476,0.9970026374500484,0.16668832682561227,0.012425371171058037,0.0341158349602494,0.0,0.0,0.0,0.0,1.0,614.34375,-0.5355020255859936,-0.307835895564716,-0.19535352569126355,-0.2406777871962415,67.0,53.0,58.0,57.0,65.0,60.0,43.0,67.0,17.0,1.0,1.0,1.0,1.0,58.0
fineweb_train_000033.bin,train,/Users/kurtisstuckert/parameter-golf/data/datasets/fineweb10B_sp1024/fineweb_train_000033.bin,200001024,1024,uint16,100000000,1,1023,560.41032774,276.98273699742697,886,8.86e-06,256,32,"iang’s first cub, now living in China—will close after 21 years of service on Aug. 29, Eater DC reports. Because you know what they say, after all: When one door closes... Ultrasound image courtesy of Smithsonian National Zoological ParkHAP","food, you always have a decent place to sleep, and you see the world.The Mudcat Café TM Thread #146080 Message #3381382 Posted By: MGM·Lion 25-Jul-12 - 01:38 PM Thread Name: Review: Whats up with new A L Lloyd book? Subject: RE: Review: Wha",960,0.02131549,962,0.02089381,267,0.01875395,604.875,103.1875,73.15625,0.7178786794501785,0.9955247265060817,0.16603174369954116,0.010485748701051345,0.03651722980418875,0.0,0.0,0.0,0.0,1.0,604.875,-0.3517007868342778,-0.35825795494903306,-0.4088901405934373,-0.25776464716965397,59.0,59.0,68.0,58.0,45.0,78.0,69.0,31.0,6.0,1.0,1.0,1.0,1.0,39.0
fineweb_train_000016.bin,train,/Users/kurtisstuckert/parameter-golf/data/datasets/fineweb10B_sp1024/fineweb_train_000016.bin,200001024,1024,uint16,100000000,1,1023,559.03068961,276.32545726996966,885,8.85e-06,256,32,period of stay for up to 30 days. You can extend your visitors visa for BZD$50 (£20) per month for up to six months and BZD$100 (£40) for each subsequent month thereafter. You can remain in Belize on a visitors visa for up to 12 months Exte,"Coconut meat, Coconut water, Himalayan salt. It’s so fantastic it’s almost unbelievable! Would you like 4 packs of them? Last but not least, our Soda Stream. Matt’s mom got this as a gift for him recently, and we’ve been using it ever since",960,0.02118602,962,0.02091268,267,0.01874661,634.625,110.28125,77.25,0.7048576550445746,0.9955280195822025,0.16874335379360944,0.007681607746542545,0.03049692899329228,0.0,0.0,0.0,0.0,1.0,634.625,-0.7196959499614926,-0.4311538735706349,-0.16098724977202275,-0.261502309107562,70.0,70.0,54.0,59.0,69.0,40.0,68.0,67.0,46.0,1.0,1.0,1.0,1.0,14.0
fineweb_train_000073.bin,train,/Users/kurtisstuckert/parameter-golf/data/datasets/fineweb10B_sp1024/fineweb_train_000073.bin,200001024,1024,uint16,100000000,1,1023,560.33726667,276.99496775436785,884,8.84e-06,256,32,"Dr. TJ Tsay, please contact us at 1-888-885-1901.Riveted: The Science of Why Jokes Make Us Laugh, Movies Make Us Cry, and Religion Makes Us Feel One with the Universe Publisher: Tantor Media Date: August 2017 Duration: 9 hours 16 minutes Pr","ment. (2015). Retrieved from http://completecollege.org /wp-content/uploads/2015/12/Core-Principles-2015.pdf Gresham, G. (2007). A study of mathematics anxiety in pre-service teachers. Early Childhood Education Journal, 35(2), 181-188. Lamb",960,0.02144066,962,0.02110452,267,0.01871763,597.3125,101.875,75.03125,0.7450549000074702,0.9859787929597735,0.16187845027020722,0.0102425950752962,0.03819704250844645,0.0,0.09375,0.0,0.0,1.0,597.3125,0.5013552828053951,0.44247627672828393,-0.7079341230846053,-0.31862058728900455,17.0,15.0,75.0,60.0,2.0,69.0,79.0,76.0,5.0,74.0,1.0,1.0,1.0,37.0
fineweb_train_000005.bin,train,/Users/kurtisstuckert/parameter-golf/data/datasets/fineweb10B_sp1024/fineweb_train_000005.bin,200001024,1024,uint16,100000000,1,1023,558.63395984,276.1632587042333,886,8.86e-06,256,32,"ike, displayed a sportsmanship that seems rare these days. I sat with a mix of Cubs and Indians fans. We expressed our excitement of being there, shared stories of family members passed with each other, and teased each other in good spirit ","igorously for at least 20 seconds, and then thoroughly rinse the hands under a stream of water. • Wash hands after using the bathroom, cleaning, changing diapers, or before eating or preparing food. Avoid sharing towels, and if possible ask",960,0.02122814,962,0.02087338,267,0.01878587,622.1875,108.34375,77.09375,0.7131123342492957,0.9971627647894203,0.16871636423408298,0.009343888243986893,0.031355805912306065,0.0,0.0625,0.0,0.03125,1.0,622.1875,-0.381190214207655,0.36316360760745264,-0.11880381520179985,-0.36398495741704306,60.0,17.0,50.0,61.0,57.0,43.0,38.0,31.0,58.0,63.0,1.0,64.0,1.0,31.0
fineweb_train_000024.bin,train,/Users/kurtisstuckert/parameter-golf/data/datasets/fineweb10B_sp1024/fineweb_train_000024.bin,200001024,1024,uint16,100000000,1,1023,558.22738926,275.9300431982796,885,8.85e-06,256,32,"these things I do, and they flourish, I toil. But why? Would you also wish to be a Ziphite? They flourish in the world, wither in judgment, and after withering, into fire everlasting shall be cast: would you also choose this? Are you ignora",to leave have all the files in the same format in/out. And I want to sort the new output files as follows: You need to do a better job of explaining what it is you want to do. Please show an example of the records in each input file (releva,960,0.02123585,962,0.02090021,267,0.0187828,634.78125,113.3125,78.0625,0.6976919640601837,0.9962874078067642,0.17458883239056402,0.008200983712669299,0.03162837803451064,0.0,0.0,0.0,0.0,1.0,634.78125,-1.0368589394455556,-0.4176522740522813,-0.166959914637292,-0.4122361798827122,76.0,68.0,55.0,62.0,77.0,25.0,62.0,67.0,77.0,1.0,1.0,1.0,1.0,19.0
fineweb_train_000076.bin,train,/Users/kurtisstuckert/parameter-golf/data/datasets/fineweb10B_sp1024/fineweb_train_000076.bin,200001024,1024,uint16,100000000,1,1023,558.69892691,276.2535618577695,887,8.87e-06,256,32,"policy chief, Catherine Ashton, call for a ""clear and strong response"" to the Syrian chemical-weapons attack, but under the auspices of the United Nations. Kerry later appeared in Paris together with French Foreign Minister Laurent Fabius. ",ed. There are still great career opportunities for those with chronic illness. Look for my next article “Employment Opportunities for Chronically Ill Young People” for tips on how to make the most of your career while managing your chronic ,960,0.02123599,962,0.0209251,267,0.01879009,609.625,106.34375,76.03125,0.7194542436107871,0.9975942330446276,0.16618012631879753,0.021719533977677424,0.04181189765575859,0.0,0.0625,0.0,0.0,1.0,609.625,-0.1083133531689701,0.47181021026009096,-0.3971117574536844,-0.4322860491165948,46.0,12.0,67.0,63.0,40.0,62.0,24.0,8.0,52.0,63.0,1.0,1.0,1.0,79.0
fineweb_train_000017.bin,train,/Users/kurtisstuckert/parameter-golf/data/datasets/fineweb10B_sp1024/fineweb_train_000017.bin,200001024,1024,uint16,100000000,1,1023,558.99631466,276.36566377916466,886,8.86e-06,256,32,"of the needs of their fellow brothers-in-arms. With these wheelchairs, the Georgian vets will gain the mobility and independence they need to return to work and school. Spirit of America will be funding the first three custom-built wheelcha","the impact of charter schools on urbanism via Asher Meyers, “A leading light of market urbanism? Herman Mashaba – the new mayor of Johannnesburg.” via Chris Kaz Wojtewicz, Does infrastructure investment lead to economic growth or economic f",960,0.02132831,962,0.02091335,267,0.01864828,619.3125,107.59375,76.40625,0.7140198759067393,0.9934163010182635,0.16246466418314381,0.020527458287363992,0.04293190741802797,0.0,0.0,0.0,0.0,1.0,619.3125,-0.3465700532726041,-0.09721556917002372,-0.5726520201546618,-0.43688968584822757,58.0,34.0,72.0,64.0,55.0,58.0,77.0,31.0,43.0,1.0,1.0,1.0,1.0,78.0
fineweb_train_000048.bin,train,/Users/kurtisstuckert/parameter-golf/data/datasets/fineweb10B_sp1024/fineweb_train_000048.bin,200001024,1024,uint16,100000000,1,1023,558.45772116,276.1328380108018,887,8.87e-06,256,32,"roper; out of place; as, indecorous conduct. Indecorously (adv.) In an indecorous manner. Indecorousness (n.) The quality of being indecorous; want of decorum. Indecorum (n.) Want of decorum; impropriety of behavior; that in behavior or man","both sequences changed within the 3 week time period. These changes were significant (P = 0.003). A statistical correlation between the MACS test for 1, 2 and 3 weeks and the signal intensity in the T2 TSE for 1, 2 and 3 weeks was assessed ",960,0.02126951,962,0.02074198,267,0.01868167,620.625,108.875,77.4375,0.7160836314102789,0.9962159096065816,0.16966179261517897,0.012018255948006339,0.034692218861005326,0.0,0.0625,0.0,0.09375,1.0,620.625,-0.0969985390195516,0.8588226581035973,-0.17064036479728542,-0.43808947353356426,44.0,7.0,56.0,65.0,52.0,35.0,63.0,8.0,62.0,63.0,1.0,78.0,1.0,54.0
fineweb_train_000027.bin,train,/Users/kurtisstuckert/parameter-golf/data/datasets/fineweb10B_sp1024/fineweb_train_000027.bin,200001024,1024,uint16,100000000,1,1023,558.74400132,276.2849358872753,886,8.86e-06,256,32,"t mind being surrounded by other passengers. A lot of folks complain about the crowded pool deck on sea days, yet, I say ""The more the merrier"" during those times. I guess it just feels good on a warm sunny day at sea being surrounded by ot",consisted of countries that were basically self-sufficient and so were free to exchange products for products as they saw fit. That world has gone. World capitalism has for some time been the medium of existence of all countries. And what g,960,0.0212779,962,0.02092787,267,0.01864395,625.15625,108.40625,78.09375,0.723931245720158,0.9961646643255637,0.16633962457294973,0.010783868312002173,0.03348073587333911,0.0,0.03125,0.125,0.03125,1.0,625.15625,0.16642259069288617,1.2725776893835836,-0.2191594319198586,-0.4910497130283777,35.0,2.0,59.0,66.0,30.0,24.0,64.0,31.0,48.0,50.0,79.0,64.0,1.0,43.0
fineweb_train_000069.bin,train,/Users/kurtisstuckert/parameter-golf/data/datasets/fineweb10B_sp1024/fineweb_train_000069.bin,200001024,1024,uint16,100000000,1,1023,558.50427915,276.14754794154675,886,8.86e-06,256,32,ese - Traditional)Español (Spanish)日本語 (Japanese)Português (Portuguese)Deutsch (German)العربية (Arabic)Français (French)Русский (Russian)한국어 (Korean)עברית (Hebrew)Український (Ukrainian)Magyar (Hungarian)मानक हिन्दी (Hindi)Indonesia (Indone,". Promoting wind power worldwide As the largest association in the renewables sector worldwide, the BWE also deals with the great international interest in wind energy within Germany in its everyday work at headquarters. We get queries from",960,0.02112158,962,0.02073596,267,0.01871652,603.4375,105.34375,75.28125,0.726806595622364,0.991615241775671,0.16397013474905317,0.01363102554122493,0.03877686131247831,0.0,0.03125,0.0,0.0625,1.0,603.4375,-0.1584773129971015,0.41866116297660877,-0.4976931587500083,-0.49157743520301334,48.0,16.0,71.0,67.0,25.0,67.0,78.0,31.0,59.0,50.0,1.0,76.0,1.0,68.0
fineweb_train_000021.bin,train,/Users/kurtisstuckert/parameter-golf/data/datasets/fineweb10B_sp1024/fineweb_train_000021.bin,200001024,1024,uint16,100000000,1,1023,560.18345438,276.87315356803816,886,8.86e-06,256,32,"Polypyrrole Film Cyclic voltammetry can make a very uniform film with ele- troless polymerization. The cyclic voltammogram of polypyr- role modified carbon eletrodes is showed in Figure 1, the po- tential is between 0.4v and -1.6v, scanning","hoenix in East Finchley charges £25 for a year’s membership, which includes two free cinema tickets, discounts on friends’ tickets and £2 off every film screening; phoenixcinema.co.uk). Cineworld, plus independent cinemas such as the Curzon",960,0.02129647,962,0.02101165,267,0.01876834,599.78125,102.96875,73.78125,0.7240695703498438,0.9980622972439613,0.16516606839301415,0.017339332183561405,0.03576276327889545,0.0,0.09375,0.0,0.0,1.0,599.78125,-0.11296187682847836,0.6269617141993191,-0.4804127597307898,-0.5344964623945114,47.0,9.0,70.0,68.0,29.0,76.0,9.0,31.0,7.0,74.0,1.0,1.0,1.0,75.0
fineweb_train_000044.bin,train,/Users/kurtisstuckert/parameter-golf/data/datasets/fineweb10B_sp1024/fineweb_train_000044.bin,200001024,1024,uint16,100000000,1,1023,559.74483396,276.63402034094076,884,8.84e-06,256,32,umbered feature can then be provided in text. After (information sequentially built-up): Rationale: Integrating and structuring text enables your readers to easily match up information imparted in the text with the associated information in,"he. (A similar approach to a curated Hannibal Lecter marathon, with “Manhunter,” “Silence of the Lambs,” “Red Dragon,” and maybe even some episodes of “Hannibal,” could also work.) Yes, diminishing returns. Yes, highly repetitive films. But",960,0.02126789,962,0.02083428,267,0.01869278,612.625,106.75,75.09375,0.7114047153893519,0.9968679311219252,0.16950695990874676,0.011873042897717458,0.03003463997077683,0.0,0.0,0.03125,0.0,1.0,612.625,-0.788480406509328,-0.03694435844428074,-0.3594827959132261,-0.5396011952259738,72.0,32.0,66.0,69.0,63.0,68.0,48.0,76.0,22.0,1.0,74.0,1.0,1.0,53.0
fineweb_train_000002.bin,train,/Users/kurtisstuckert/parameter-golf/data/datasets/fineweb10B_sp1024/fineweb_train_000002.bin,200001024,1024,uint16,100000000,1,1023,557.87481057,275.76353219720085,886,8.86e-06,256,32,"ive oil 1 yellow onion (sweet onions work well too) 3-4 garlic cloves 1 jalapeno (optional, depending on how hot you like it and save some for garnish!) 2-4 cups of chiles liquid First Spice Dump 2 tsps. cumin 1 tsp. salt 1 tsp. black peppe",products. Unlike all the other products on the market Prodibio products are packaged in individual glass vials. - Each individual vial contacts billions of dormant bacteria cells that only become active when they come in contact with you aq,960,0.02112913,962,0.02066507,267,0.01866454,633.34375,111.375,77.25,0.7000516203614391,0.997603166221958,0.174234757706936,0.01070259679106364,0.03133226998444553,0.0,0.03125,0.0,0.0,1.0,633.34375,-0.9828260882102504,-0.08360241048928754,-0.25899676311303305,-0.5554591157355303,74.0,33.0,61.0,70.0,73.0,40.0,22.0,31.0,79.0,50.0,1.0,1.0,1.0,41.0
fineweb_train_000070.bin,train,/Users/kurtisstuckert/parameter-golf/data/datasets/fineweb10B_sp1024/fineweb_train_000070.bin,200001024,1024,uint16,100000000,1,1023,558.66431143,276.10984332771255,885,8.85e-06,256,32,"in the. During his attempt to discover who on the is informing on him totells that he wishes for Baelish to convince Lysa to agree to the betrothal between Princess and Lysa's son. In truth, however, the suggestion is a ruse, and Baelish ne",ith journey although they will be greatly missed by all. Healthy School Awards: July 2023 Miss O’Brien and Miss Cunniffe have worked extremely hard this year to secure the Healthy Early Years London Bronze Award and the Healthy Schools Lond,960,0.02128692,962,0.02069741,267,0.01846576,616.3125,106.125,75.75,0.7126282004795818,0.9974396324623478,0.16735622127997163,0.011081950798473733,0.03509136614062449,0.0,0.0625,0.0,0.0,1.0,616.3125,-0.7474250400809042,0.19527760710584413,-0.2890568388577681,-0.5636696918952249,71.0,23.0,63.0,71.0,59.0,65.0,30.0,67.0,65.0,63.0,1.0,1.0,1.0,46.0
fineweb_train_000050.bin,train,/Users/kurtisstuckert/parameter-golf/data/datasets/fineweb10B_sp1024/fineweb_train_000050.bin,200001024,1024,uint16,100000000,1,1023,559.94042006,276.7696373523851,884,8.84e-06,256,32,"adian of all clauses in the Charter of Rights and Freedoms, even more than the lengthy sections on language rights. Section 33, as it is technically known, stakes out the conditions under which governments may violate fundamental rights and","om to continue steps to spur growth and curb unemployment. Treasury securities due in a decade or more are at the cheapest levels since 2011 relative to global peers with comparable maturities, according to the Bank of America indexes. Yiel",960,0.02148189,962,0.02092966,267,0.01868109,634.71875,109.59375,76.28125,0.6982670737734544,0.9978922465594215,0.16736920228357313,0.00904821781909428,0.02744882251390238,0.0,0.03125,0.0,0.0,1.0,634.71875,-1.0178673413050292,-0.1266093337739599,-0.3261252698250163,-0.5930959351701361,75.0,37.0,64.0,72.0,76.0,59.0,13.0,76.0,13.0,50.0,1.0,1.0,1.0,25.0
fineweb_train_000038.bin,train,/Users/kurtisstuckert/parameter-golf/data/datasets/fineweb10B_sp1024/fineweb_train_000038.bin,200001024,1024,uint16,100000000,1,1023,559.51449399,276.61709699771677,888,8.88e-06,256,32,"resentation. Morals and ethics are in the trash heap and populist degradation is de rigueur. And now, the propaganda army is fully in charge of the the Ministry of Indoctrination alias the Ministry of Education. It looks like there will be ","we know you are flawed, but so are we. If only we could put down our weapons and have a beer. Many of the kindest and most loving people in the world are from your camp. The media is wrong, you do have something to bring to the table; but y",960,0.02132533,962,0.02080743,267,0.01863821,598.8125,105.375,76.65625,0.7350418214584298,0.9981221172289204,0.16817484835831287,0.01687798228110426,0.03637051038519803,0.0,0.0,0.25,0.03125,1.0,598.8125,0.8158270168144256,2.302979757003348,-0.4561133491478708,-0.6897830994160092,8.0,1.0,69.0,73.0,8.0,53.0,7.0,1.0,24.0,1.0,80.0,64.0,1.0,72.0
fineweb_train_000067.bin,train,/Users/kurtisstuckert/parameter-golf/data/datasets/fineweb10B_sp1024/fineweb_train_000067.bin,200001024,1024,uint16,100000000,1,1023,558.95403395,276.4936289129864,886,8.86e-06,256,32,"f Trouser Tapered Leg With Mechanical 4 Way Stretch Look and feel the part on the golf course, these stylish Calvin Klein Genius Stretch Trousers are designed with technical performance in mind. Made from 90% polyester and 10% elastane, the","BDT 50 per hour if required more than the stipulated time. The 120-hour package for three members is BDT 5,000 a month. However, another member cannot use the time allotted to one member. If you don’t use it for a full 120 hours in a month,",960,0.02122536,962,0.02084307,267,0.01864146,620.9375,107.5,74.9375,0.702628516151163,0.9944530291055287,0.16852384607540555,0.01273522259293334,0.030455017829147054,0.0,0.03125,0.0,0.0,1.0,620.9375,-0.8600343402594667,-0.03076265405585364,-0.7431550831701645,-0.7849838199408018,73.0,31.0,76.0,74.0,70.0,70.0,74.0,31.0,36.0,50.0,1.0,1.0,1.0,60.0
fineweb_train_000007.bin,train,/Users/kurtisstuckert/parameter-golf/data/datasets/fineweb10B_sp1024/fineweb_train_000007.bin,200001024,1024,uint16,100000000,1,1023,558.62232005,276.10266774843984,885,8.85e-06,256,32,"now being much more considerate when buying single-use plastics or anything with plastic packaging. According to a study by GlobalWebIndex, as reported by the Metro, around 82 per cent of people surveyed in the UK say sustainable packaging ","But if you examine closely, every ignition coil is supplying power toward a set of two spark plugs. If you take out the ignition coil, you’ll observe there are two long contact points designed for two spark plugs within each cylinder. What ",960,0.02121198,962,0.02087509,267,0.01864164,617.15625,109.5,75.625,0.6944627083657079,0.9975950042362359,0.1754017391200755,0.01938734264300701,0.03212439195558757,0.0,0.0,0.0,0.0,1.0,617.15625,-1.3787991508718234,-0.1268538001215131,-0.666482481496534,-0.9426261526728847,78.0,38.0,74.0,75.0,79.0,66.0,23.0,67.0,66.0,1.0,1.0,1.0,1.0,76.0
fineweb_train_000059.bin,train,/Users/kurtisstuckert/parameter-golf/data/datasets/fineweb10B_sp1024/fineweb_train_000059.bin,200001024,1024,uint16,100000000,1,1023,558.1338961,276.074602677201,886,8.86e-06,256,32,"frame correlation. Furthermore, it allows variable dimension subspaces to be explored. A variety of model configurations and sharing schemes are examined, some of which correspond to standard systems. The training and recognition algorithms","ided to go nursing. My mother was adamant I would go to New Plymouth, where, according to her, they educated nurses to be ladies. I started with 12 other student nurses in New Plymouth in January 1952. It was a very rigid training but they ",960,0.02121927,962,0.02077726,267,0.01861919,615.96875,105.28125,74.0625,0.7053677602627798,0.9981722026472238,0.16590391724383816,0.011764355808044644,0.03071549939173848,0.0,0.0,0.09375,0.0,1.0,615.96875,-1.0697907118482164,0.5307297496873592,-0.6646010991333073,-1.0326918372455922,77.0,10.0,73.0,76.0,68.0,75.0,4.0,31.0,69.0,1.0,78.0,1.0,1.0,52.0
fineweb_train_000057.bin,train,/Users/kurtisstuckert/parameter-golf/data/datasets/fineweb10B_sp1024/fineweb_train_000057.bin,200001024,1024,uint16,100000000,1,1023,559.49746958,276.58383791895176,887,8.87e-06,256,32,"decades to cover, it makes no sense as to why this tent pole film was not broken up into at least two parts. Instead, writers David Hayter and Alex Tse cram as many storylines as they can into this two hour plus (four hour feeling) epic was",4 December 2010| The Memorandum of Understanding (MoU) on the Conservation of the South Andean Huemul is a Bilateral Environmental Memorandum of Understanding between the Argentine Republic and the Republic of Chile. It was concluded under ,960,0.02128425,962,0.02077549,267,0.01863725,611.25,104.3125,73.5,0.7074097407550539,0.9964948869877917,0.16247117987398468,0.012585901048617709,0.035278431970644876,0.0,0.15625,0.0,0.0,1.0,611.25,-0.6877145996825865,1.0414292211569856,-0.9978147586189697,-1.2227699145025421,69.0,4.0,77.0,77.0,67.0,77.0,56.0,8.0,27.0,80.0,1.0,1.0,1.0,59.0
fineweb_train_000052.bin,train,/Users/kurtisstuckert/parameter-golf/data/datasets/fineweb10B_sp1024/fineweb_train_000052.bin,200001024,1024,uint16,100000000,1,1023,558.38188203,275.99720564934194,887,8.87e-06,256,32,"IN AMAZON WISHLIST LINK Is @reyvencos OnlyFans worth it? ⭐️ First of all, I would like to note, that this is an article based purely on data, not personal experience with @reyvencos's OnlyFans. Please, don't decide whether to subscribe or n","watch by clicking on its title. Stream the movie: Stream the movie by clicking the “Play” button. Adjust the video quality: Adjust the video quality, if necessary, to optimize your viewing experience. It is important to note that Movie Couc",960,0.02118401,962,0.0207027,267,0.01860299,615.46875,105.0625,72.75,0.6959464306743796,0.997390242370587,0.16540941777830198,0.012318192926131576,0.03310658885439591,0.0,0.09375,0.0,0.0,1.0,615.46875,-1.4361916068780674,0.4964331264302886,-1.033683650237947,-1.3885638249766021,79.0,11.0,78.0,78.0,78.0,79.0,31.0,8.0,74.0,74.0,1.0,1.0,1.0,56.0
fineweb_train_000015.bin,train,/Users/kurtisstuckert/parameter-golf/data/datasets/fineweb10B_sp1024/fineweb_train_000015.bin,200001024,1024,uint16,100000000,1,1023,559.34649084,276.47719793899427,886,8.86e-06,256,32,"ood-bye, Fare Thee Well. The Penang (2,019 tons) was built in 1905 at Bremerhaven (Germany) and is 265 ft 8 in long, with a beam of 40 ft 3 in, and a depth of 24 ft 4 in. A 55 ft Coastal Motor-boat A 55 ft coastal motor-boat, built by John ","observe social distancing rules, wear appropriate masks and use hand sanitiser provided on site. Full details with photographs online at www.lodgeandthomas.co.ukYou are ready to run. “Where you are right now, you are ready to run.” When I h",960,0.02130285,962,0.02080973,267,0.01867095,611.1875,105.75,76.5,0.726816485538704,0.971894271764641,0.16604582574117116,0.01302373838898208,0.040154942479864016,0.0,0.09375,0.0,0.0625,1.0,611.1875,0.14727005531290852,0.9409110458060858,-2.058638181566418,-1.3952983410028512,37.0,5.0,80.0,79.0,24.0,56.0,80.0,31.0,37.0,74.0,1.0,76.0,1.0,62.0
fineweb_train_000012.bin,train,/Users/kurtisstuckert/parameter-golf/data/datasets/fineweb10B_sp1024/fineweb_train_000012.bin,200001024,1024,uint16,100000000,1,1023,558.78041406,276.1988236269571,888,8.88e-06,256,32,"inciples; and will investigate the many environmentally friendly materials that architects can use. Low rise: the natural home of timber Interestingly, it is an economy of scale that Lawrence singles out as the prime factor governing effect","28 55. Frenship 10 9 16 17 - 52 Lubbock High 15 12 13 15 - 55 3-point goals: Frenship 6 (Pool 3, Merchant 3); Lubbock High 4 (Gibbs, Smith, Gibson, Blue). Total fouls: Frenship 22, Lubbock High 14. Fouled out: Frenship, Merchant. Technical ",960,0.02129857,962,0.02083018,267,0.01872992,627.625,107.75,72.65625,0.6752576672718296,0.9953412867038077,0.16568434379806904,0.009221522053398731,0.033811299440068485,0.0,0.0,0.0,0.0,1.0,627.625,-1.8998584086268113,-0.39112255210074387,-1.2392160842691926,-1.3996122369948607,80.0,64.0,79.0,80.0,80.0,80.0,70.0,1.0,55.0,1.0,1.0,1.0,1.0,28.0
